90300.01.051;2
90300.01.061;2
94100.00.00.072;2
98300.15.07.001-01;2
90300.01.001;2
93930.016;2
93930.017;2
90300.01.011;2
86900.02.05.026;2
86601-Э(М2);2
94100.00.04.038;2
86502.900.008;2
86502.900.004;2
94020.00.014;2
86604.106;2
90300.01.101;2
93902.00.01.197;2
93902.00.02.144;2
90300.01.111;2
93910.04.007;2
93902.00.02.173;2
93902.00.01.145;2
90300.00.541;2
93900.00.01.177;2
93900.00.01.179;2
93902.00.01.037;2
93900.00.01.178;2
86402.083;2
93900.00.01.139;2
92201.12.171;2
93900.00.01.128;2
90300.111;2
86502.400.011;2
86501.400.003;2
86402.013;2
86502.200.011;2
86604.011;2
86401.027;2
92201.01.011;2
92201.02.011;2
92201.02.021;2
92201.02.101;2
92201.01.051;2
92201.01.081;2
92300.01.032;2
92300.01.034;2
92300.01.042;2
92201.01.071;2
92300.01.023;2
92300.01.022;2
92300.01.021;2
86301.004;2
92201.02.121;2
92101.01.011;2
92101.01.021;2
92101.01.031;2
92201.02.111;2
86401.123;2
92201.01.021;2
92201.02.051;2
92201.01.041;2
96500.01.011;2
96500.01.021;2
96500.02.011;2
96500.02.021;2
96500.03.021;2
90501.00.039;2
90501.00.038;2
86401.126;2
92201.01.131;2
92201.02.211;2
92101.01.051;2
92101.01.061;2
92101.01.083;2
92101.01.093;2
92101.01.073;2
92101.01.101;2
92201.02.221;2
86321.011;2
86321.021;2
92201.02.231;2
92300.01.024;2
92300.01.033;2
92201.02.241;2
92300.01.041;2
92300.01.071;2
92201.02.131;2
86604.001;2
86401.128;2
86321.031;2
86502.500.011;2
86401.028;2
86401.202;2
86604.017;2
86401.608;2
91402.00.011-22;2
91402.00.011-34;2
92101.01.111;2
92101.01.121;2
86320.031;2
86320.041;2
92101.01.131;2
92101.01.141;2
86401.007;2
92201.02.251;2
92201.02.261;2
92201.02.271;2
92201.02.281;2
86501.420.001;2
96500.04.011;2
96500.04.021;2
92201.01.151;2
92201.01.161;2
92001.01.061;2
92001.01.071;2
92001.01.091;2
92001.01.081;2
92001.01.051;2
86321.051;2
86321.061;2
92300.01.051;2
92300.01.091;2
91400.02.011-04;2
91400.02.011-05;2
91400.02.021-10;2
91400.02.021-11;2
91400.02.021-22;2
91400.02.021-23;2
91400.02.031-24;2
91400.02.031-25;2
92300.01.031;2
86401.020;2
96500.05.011;2
96500.08.011;2
96500.08.021;2
90501.00.097;2
90501.00.098;2
90501.00.076;2
92201.02.041;2
90501.00.137;2
90501.00.138;2
86502.800.007;2
96500.02.111;2
96500.02.121;2
92201.02.321;2
90501.00.116;2
92101.02.071;2
92101.02.061;2
98300.01.00.005;2
86401.611;2
92101.03.011;2
91400.04.021;2
91400.04.031;2
92201.01.141;2
90300.523;2
90300.511;2
90300.411;2
86401.131;2
86604.041;2
95000.01.002;8
95000.01.003;2
92201.02.331;2
90300.611;2
90300.623;2
86401.001;2
91400.04.041;2
93930.001;2
93930.002;2
93930.003;2
93930.004;2
93930.005;2
93930.006;2
93930.007;2
93930.008;2
90501.00.145;2
92201.01.061;2
92201.02.341;2
92201.02.351;2
92201.02.361;2
97100.115.001;2
97100.115.101;2
97100.115.201;2
90300.161;2
92001.01.101;2
92001.01.111;2
86602.034;2
86602.035;2
86602.001;2
86602.004;2
86602.005;2
94900.04.821-02;2
96500.12.021;2
96500.13.021;2
96500.12.011;2
96500.13.011;2
91402.00.011-10;2
86401.045;2
92201.02.371;2
90300.141;2
86604.018-01М2;2
91401.01.011-10;2
86401.010;2
92001.01.121;2
92001.02.061;2
93902.00.00.053;2
96500.15.011;2
96500.15.021;2
86401.905;2
92101.02.101;2
92101.02.111;2
92101.02.121;2
92101.02.051;2
92101.01.151;2
92001.01.131;2
92001.02.101;2
92001.02.111;2
92001.02.081;2
92001.02.091;2
92001.02.071;2
92001.02.041;2
92101.02.131;2
96500.06.011;2
96500.06.001;2
96500.07.001;2
96500.10.011;2
96500.10.021;2
96500.10.001;2
96500.11.011;2
96500.11.021;2
96500.03.011;2
92201.01.101;2
92201.01.111;2
92201.01.091;2
95000.00.003;2
95000.00.004;2
95000.00.009;6
86401.054;2
92201.05.011;2
96558.004;2
96557.004;2
96557.001;2
90400.00.451;2
92201.02.381;2
93930.011;2
93930.009;2
90501.00.187;2
90501.00.177;2
92201.01.201;2
90501.00.197;2
90501.00.198;2
86401.064;2
86401.062;2
94900.01.422;2
94900.01.423;2
90501.00.166;2
90501.00.167;2
90501.00.156;2
90501.00.157;2
86602.045;2
90300.191;2
90300.241;2
86501.250.002;2
86501.800.002;2
86502.100.017;2
91400.04.061;2
91400.05.031;2
91400.04.071;2
93500.101;2
86401.066;2
93500.411;2
96500.05.021;2
94900.01.712;2
92201.01.211;2
86502.700.021-01;2
90501.00.205;2
92201.02.391;2
91400.04.121;2
86602.036;2
86602.037;2
93911.012;2
92101.01.021А;2
86321.141;2
92201.02.041А;2
92101.02.151;2
92101.02.141;2
92001.02.121;2
90501.00.215;2
90501.00.216;2
91400.05.011;2
91400.06.011;2
86501.700.001;2
86501.220.001;2
86501.300.002;2
86501.500.001;2
86502.500.004;2
86502.600.004;2
91410.00.011;2
90210.00.016;2
91410.00.021;2
91410.00.031;2
92101.03.051;2
90501.00.019;2
90501.00.521;2
98300.01.00.006/1;2
86401.073;2
90501.00.234;2
91400.06.031;2
86401.075;2
86401.076;2
86320.061;2
93900.00.00.146;2
90502.00.017;2
86321.071;2
92001.02.131;2
92001.02.141;2
92101.02.171;2
92101.02.161;2
96500.17.021;2
96500.17.011;2
86604.075;2
94900.01.622;2
86502.700.004;2
86602.046;2
94900.01.312;2
93912.02.001;2
86401.086;2
86401.088;2
86604.068;2
86604.071;2
86401.082;2
90501.00.253;2
90501.00.049;2
90501.00.048;2
90300.681;2
92101.03.021;2
92201.02.181;2
90210.00.042;2
91400.05.091;2
86401.091;2
90501.00.266;2
93700.029;2
90300.00.021;2
90300.00.051;2
90300.00.081;2
90300.021;2
90300.051;2
90300.071;2
92201.02.161;2
91401.01.031;2
90300.911;2
86502.800.004;2
92201.03.101;2
90300.941;2
92201.02.081;2
86402.029;2
94000.02.003;2
94000.06.002;2
96500.18.011;2
96500.18.021;2
91400.05.051-14;2
94000.02.004;2
91400.07.031;2
91400.05.041;2
91400.05.021;2
96500.19.021;2
96500.19.011;2
94900.02.112;2
94900.02.113;2
94900.02.032;2
94900.02.033;2
94900.02.562;2
93920.01.00.001;2
93920.01.00.016;2
93920.01.02.024;2
91400.05.051-08;2
91400.05.051-09;2
91400.05.051-12;2
91400.05.051-15;2
90501.00.025;2
90501.00.018;2
90501.00.058;2
90501.00.088;2
90501.00.089;2
90502.00.021;2
94900.02.202;2
92201.02.951;2
86604.014;2
92201.01.171;2
86602.047;2
90300.441;2
90300.961;2
90300.971;2
92101.02.181;2
92201.01.221;2
91400.07.041;2
90502.00.032;2
90502.00.031;2
90502.00.041;2
90300.741;2
90502.00.052;2
90502.00.042;2
90300.751;2
92101.03.031;2
90502.00.061;2
92201.02.401;2
92201.01.241;2
92201.01.231;2
90300.081;2
92201.01.251;2
90300.032;2
90502.00.025;2
92101.01.181;2
92001.01.141;2
92001.02.151;2
93700.039;2
94100.01.01.001;2
93900.00.00.143;2
92001.02.161;2
92001.02.171;2
95000.16.003;2
94000.00.005;2
94110.00.002;2
94100.00.00.002;2
94100.00.00.004;2
94100.00.00.006;2
94100.00.00.007;2
94000.00.001;2
94000.00.002;2
94000.00.003;2
94000.00.004;2
93910.00.026;2
94010.00.002;2
93900.00.00.004;2
93900.00.00.005;2
93900.01.00.001;2
94000.00.008;2
94000.00.023;2
94000.00.012;2
91400.05.051-13;2
96571.004;2
96571.001;2
96571.002;2
96571.003-22;2
96571.003-03;2
98902.00.11.001-01У;2
86401.901;2
86602.041;2
86602.052;2
90501.00.241;2
90501.00.242;2
93920.01.00.026;2
93920.00.00.025;2
93900.00.00.026;2
93910.00.048;2
92201.02.421;2
93900.00.00.015;2
86401.515;2
93900.00.00.008;2
93900.00.00.009;2
93900.00.00.022;2
93900.00.00.024;2
86401.516;2
95000.08.002;6
94900.02.602;2
93900.00.04.001;2
93910.00.031;2
93910.00.032;2
93910.00.033;2
93910.00.035;2
93900.01.00.027;2
93900.01.00.023;2
93910.00.027;2
93910.00.028;2
93910.00.029;2
93920.01.00.027;2
93900.01.00.003;2
93900.01.00.005;2
93900.01.00.014;2
93900.01.00.002;2
93900.01.00.087;2
93920.01.00.009;2
93920.01.00.022;2
86401.904;2
86401.903;2
86401.520;2
90501.00.271;2
91400.07.061;2
86401.906;2
93900.00.00.014;2
93900.00.02.003;2
93920.01.02.019;2
86320.081;2
86401.143;2
86401.144;2
86502.210.001;2
86601.016-01М2;2
93910.00.023;2
86401.124;2
86401.306;2
92101.02.081;2
92101.02.031;2
92101.02.191;2
93900.00.00.029;2
86601.002-01М2;2
86501.800.006;2
90300.00.032;2
90300.00.062;2
90501.00.281;2
91402.01.022;2
92201.02.431;2
92201.01.261;2
86502.500.017;2
92500.02.00.001;2
92201.02.311;2
92201.02.441;2
92201.02.451;2
86321.091;2
90501.00.311;2
90501.00.291;2
90501.00.301;2
90300.641;2
90501.00.226;2
94900.02.322;2
90300.00.091;2
94900.02.812;2
94900.02.813;2
91401.01.061;2
93900.01.00.096;2
93900.01.00.073;2
93900.01.00.076;2
91400.07.071;2
91400.05.061;2
94000.00.024;2
91400.06.021;2
91400.06.022;2
93700.041;2
92201.02.851;2
94000.00.013;2
94104.00.00.024;2
93901.00.00.056;2
94160.00.001;2
93911.00.025;2
94180.00.001;2
93921.00.00.031;2
94144.00.00.013;2
94000.06.001;2
94144.00.00.024;2
94144.00.00.014;2
93900.01.00.066;2
93910.00.007;2
93920.00.00.001;2
94144.00.00.015;2
94144.00.00.022;2
93920.00.00.018;2
94000.00.006;2
93910.00.050;2
86604.004;2
94100.00.00.031;2
95000.18.002;6
86502.100.018;2
94020.00.009;2
86401.914;2
86401.311;2
92201.02.461;2
92201.02.471;2
92300.01.035;2
91700.002;2
91700.001;2
91800.001;2
90502.00.151;2
90501.00.321;2
93900.00.04.054;2
93900.00.04.121;2
86501.430.001;2
98300.01.01.006;2
98300.01.01.012;2
86401.915;2
98300.01.01.008;2
93900.00.04.029;2
93900.00.04.026;2
86401.916;2
92001.01.151;2
93910.00.016;2
94010.00.007;2
92201.02.481;2
92001.01.171;2
92001.01.161;2
93900.00.00.122;2
94160.00.004;2
93900.00.02.004;2
86401.112;2
93920.00.02.019;2
93900.00.02.057;2
93900.00.02.054;2
93910.02.022;2
92201.02.491;2
93910.02.025;2
93910.02.023;2
90210.00.121;2
94160.05.001;2
86401.002;2
86602.003;2
86502.200.009;2
93900.01.00.082;2
92500.03.00.010;2
92500.06.00.001;2
86401.004;2
90300.451;2
93900.00.06.029;2
91400.04.022;2
91400.04.011;2
92201.02.091;2
92201.02.411;2
92201.02.071;2
91400.04.122;2
86604.048;2
93900.00.00.032;2
92201.02.511;2
92201.02.501;2
92101.02.211;2
92201.02.531;2
92101.02.201;2
92201.02.521;2
92101.02.011;2
92101.02.041;2
92101.02.021;2
90501.00.331;2
92101.01.171;2
92101.01.191;2
92101.01.201;2
92101.01.161;2
92201.02.191;2
92201.02.541;2
92201.01.291;2
92201.01.281;2
92201.01.271;2
93900.01.02.021;2
86501.100.003;2
86501.650.002;2
92201.02.031;2
92201.02.061;2
92201.01.031;2
94100.00.00.029;2
92101.01.041;2
91401.00.011;2
92201.02.171;2
92201.02.141;2
90501.00.107;2
90501.00.108;2
90501.00.125;2
91400.04.012;2
86401.038;2
86401.003;2
86401.006;2
86601.003;2
86602.002;2
86401.103;2
86602.006;2
86401.011;2
86401.012;2
86401.013;2
86401.101;2
86401.108;2
86401.117;2
86401.109;2
86401.104;2
86401.102;2
86401.105;2
93500.007;2
93500.011;2
93700.004;2
93700.005;2
93700.006;2
93700.007;2
93700.008;2
86401.106;2
86401.107;2
86401.015;2
86401.016;2
86401.017;2
86401.018;2
93500.004;2
93500.008;2
93500.009;2
93500.012;2
93500.014;2
93500.018;2
93500.021;2
93500.022;2
86401.122;2
86401.024;2
86401.023;2
86401.111;2
86401.119;2
86401.113;2
86401.114;2
86602.008;2
86401.026;2
86604.016;2
86602.033;2
86602.032;2
86401.031;2
86601.005;2
86401.125;2
86401.035;2
86401.036;2
86401.127;2
93700.003;2
93700.012;2
86401.129;2
86604.020;2
86601.006;2
86401.037;2
86604.008;2
86401.040;2
92101.02.091;2
93500.401;2
86401.132;2
86604.062;2
86401.042;2
86401.043;2
86401.044;2
86604.045;2
86604.059;2
86604.051;2
86604.053;2
86604.055;2
86604.057;2
98120.121.001;2
98120.121.002;2
91402.01.011-10;2
91401.01.011-11;2
86401.133;2
86502.500.016;2
86401.049;2
86401.051;2
86401.052;2
86401.053;2
86401.055;2
96558.001;2
86401.063;2
86401.059;2
86401.058;2
86401.057;2
86401.065;2
91402.01.031;2
86401.067;2
86401.134;2
93901.012;2
86401.135;2
86604.066;2
90501.00.225;2
86603.106;2
86603.108;2
86603.111;2
86603.113;2
86603.115;2
86401.072;2
86401.074;2
94900.01.542;2
94900.01.543;2
86401.118;2
86401.136;2
93500.435;2
86401.077;2
93700.019;2
93700.021;2
93700.022;2
93700.023;2
93700.024;2
93700.025;2
93700.026;2
95000.02.002;8
95000.03.002;6
86401.083;2
86401.087;2
86401.138;2
86401.139;2
94000.02.002;2
94000.02.001;2
86401.078;2
86602.038;2
86604.073;2
92001.03.011;2
93901.05.001;2
93901.05.002;2
93901.05.003;2
93901.05.004;2
93901.05.005;2
93901.05.006;2
93901.05.007;2
93901.05.008;2
93901.05.009;2
93901.05.010;2
94003.05.001;2
94120.06.001;2
93920.01.00.004;2
93920.01.00.013;2
93920.01.00.014;2
93920.01.00.015;2
93920.01.00.017;2
93920.01.00.018;2
94000.06.003;2
94000.06.004;2
93902.00.02.002;2
93902.00.02.003;2
93902.00.02.004;2
93902.00.02.008;2
93902.00.02.009;2
93902.00.02.011;2
93902.00.02.012;2
86401.079;2
93500.438;2
93700.032;2
93700.033;2
93700.034;2
94020.02.004;2
94020.02.008;2
93920.00.00.021;2
93700.035;2
86401.093;2
86401.095;2
86401.141;2
86401.142;2
93700.036;2
93700.037;2
93700.038;2
93900.00.02.001;2
93900.01.02.001;2
93900.01.02.002;2
93900.01.05.001;2
86401.098;2
95000.16.004;2
94100.00.00.001;2
94100.00.00.003;2
94100.00.00.005;2
94110.00.001;2
94120.00.00.001;2
94120.00.00.002;2
93920.00.00.022;2
93900.00.00.001;2
93900.00.00.002;2
93900.00.00.003;2
93900.00.00.006;2
94000.06.005;2
94100.00.00.015;2
94100.00.00.026;2
94010.00.003;2
94010.00.006;2
86602.039;2
93900.00.00.007;2
93900.00.00.012;2
93900.00.00.013;2
93900.00.00.016;2
93900.00.00.017;2
93900.00.00.018;2
93900.00.00.021;2
93900.00.00.023;2
93900.00.00.025;2
93900.00.00.027;2
94100.00.00.028;2
86401.517;2
93900.00.02.002;2
93900.01.02.003;2
93900.01.00.042;2
93900.01.00.053;2
93900.01.00.054;2
93900.01.00.056;2
93900.01.00.057;2
93900.01.00.078;2
93900.01.00.079;2
93900.01.00.081;2
93900.01.00.083;2
93900.01.00.084;2
93900.01.00.085;2
93900.01.00.086;2
93910.00.034;2
93920.01.02.001;2
93920.01.00.019;2
93920.01.00.025;2
93900.01.00.007;2
93900.01.00.012;2
93900.01.00.017;2
93900.01.00.035;2
93900.01.00.089;2
93900.01.00.036;2
93900.01.00.006;2
93900.01.00.016;2
93900.01.02.015;2
86401.518;2
86401.519;2
91402.01.011-11;2
93900.01.00.033;2
93900.01.00.041;2
93900.00.00.031;2
93900.00.00.033;2
93900.00.00.036;2
93900.00.00.037;2
93900.00.00.038;2
93900.00.00.041;2
93900.00.00.042;2
93900.00.00.045;2
93900.00.00.049;2
93900.00.00.053;2
93900.00.00.054;2
93900.00.00.056;2
93900.00.00.057;2
93500.442;2
86401.522;2
93910.00.038;2
93900.00.01.001;2
93900.00.04.002;2
93900.01.00.068;2
93900.01.04.001;2
93900.01.04.002;2
93900.01.04.003;2
93920.01.05.001;2
86401.907;2
86602.042;2
86602.043;2
93900.00.00.092;2
86401.146;2
93900.00.00.093;2
93900.00.00.094;2
93900.00.00.095;2
93900.00.00.096;2
93900.00.00.097;2
93910.00.011;2
93910.00.022;2
93920.00.00.019;2
94020.03.001;2
93900.00.00.028;2
93910.00.024;2
94100.00.00.011;2
86401.524;2
86401.527;2
86401.912;2
93900.01.04.056;2
93901.00.00.064;2
93901.00.00.093;2
93901.00.00.094;2
93901.00.00.095;2
93900.00.04.065;2
93911.00.023;2
93921.00.00.004;2
93921.00.00.019;2
93901.00.00.103;2
91400.04.131;2
86401.147;2
93900.01.00.064;2
93900.01.00.071;2
93900.01.00.097;2
93900.01.00.098;2
93900.01.00.099;2
93910.00.015;2
93920.01.00.023;2
93920.01.00.029;2
94003.05.002;2
94160.00.002;2
86604.077;2
94000.00.014;2
94000.00.019;2
94104.00.00.013;2
94104.00.00.014;2
94104.00.00.015;2
94104.00.00.022;2
93910.00.005;2
93910.00.006;2
93900.00.00.044;2
93910.00.001;2
94160.00.003;2
93900.00.05.002;2
86604.079;2
94020.00.006;2
86401.149;2
93900.00.00.073;2
93900.00.00.076;2
93900.00.00.059;2
86401.312;2
86401.151;2
93900.00.04.084;2
94100.00.00.032;2
86401.317;2
86401.322;2
86401.326;2
86401.327;2
86401.152;2
86401.153;2
86401.329;2
93900.00.00.068;2
93910.00.014;2
93910.00.039;2
93920.00.00.004;2
94160.00.005;2
93900.00.00.123;2
93900.00.00.055;2
93900.00.00.058;2
93900.00.00.091;2
93900.00.00.124;2
93902.00.00.046;2
93902.00.00.071;2
93912.00.041;2
93922.00.00.014;2
93910.00.008;2
86401.917;2
86401.918;2
86401.919;2
93900.00.00.019;2
91402.01.041;2
93900.00.02.043;2
93900.00.02.082;2
93900.00.00.035;2
94100.00.00.016;2
94100.00.00.022;2
94020.00.002;2
94020.00.008;2
93910.00.003;2
93910.00.004;2
93910.00.012;2
94000.00.021;2
92201.02.551;2
93900.00.02.064;2
86401.533;2
92001.01.181;2
92001.01.191;2
92101.01.211;2
98300.01.00.003;2
98300.01.00.004;2
98300.01.00.007;2
86401.154;2
86401.155;2
86401.332;2
93900.00.00.064;2
95000.19.002;6
86401.156;2
93900.00.00.071;2
93900.00.00.098;2
93900.00.00.099;2
93900.00.00.125;2
93900.00.01.002;2
93900.00.01.003;2
93900.00.01.004;2
93910.01.007;2
93920.01.00.012;2
94100.00.00.033;2
90300.771;2
90300.781;2
94010.00.008;2
93900.00.00.069;2
93910.00.042;2
93910.00.043;2
94160.00.006;2
93920.00.04.031;2
92201.02.561;2
94900.02.152;2
94900.02.153;2
91400.04.051;2
95000.20.002;6
93900.01.00.009;2
93900.01.00.026;2
93920.01.00.038;2
93900.01.02.004;2
93900.01.02.005;2
86502.550.001;2
92201.01.301;2
92201.02.571;2
91402.02.011;2
91402.02.021;2
91402.02.031;2
91400.07.011;2
90501.00.341;2
90502.00.161;2
90502.00.171;2
90502.00.172;2
93920.00.00.017;2
93910.00.044;2
93900.00.00.126;2
90300.00.111;2
93901.00.05.101;2
93901.00.05.201;2
93901.00.05.301;2
94900.02.592;2
94900.02.593;2
94900.02.862;2
94900.02.863;2
93900.01.02.007;2
93900.01.02.008;2
93900.01.02.011;2
93900.01.02.014;2
93900.01.02.016;2
93900.01.02.017;2
93900.01.00.013;2
90501.00.351;2
93900.01.00.019;2
93900.01.00.029;2
93900.01.00.037;2
93900.01.00.047;2
93900.01.00.058;2
93900.01.00.059;2
93900.01.00.063;2
93900.01.00.065;2
93900.01.00.077;2
93900.01.00.125;2
93900.01.00.127;2
93910.00.002;2
93910.00.019;2
94100.00.00.012;2
94100.00.00.025;2
94100.00.00.034;2
94100.00.00.035;2
94100.00.00.036;2
94100.00.00.037;2
94100.00.00.038;2
93900.01.02.013;2
90300.841;2
90300.852;2
93920.01.01.014;2
93920.01.00.041;2
93920.01.00.039;2
93920.01.00.036;2
93920.01.00.021;2
93920.01.00.011;2
93920.01.00.008;2
93920.01.00.006;2
93920.01.00.003;2
86321.111;2
86321.101;2
93900.00.02.069;2
93910.02.044;2
86401.926;2
91400.05.071;2
91400.05.081;2
93902.00.00.057;2
93902.00.00.064;2
93902.00.00.065;2
93902.00.00.066;2
93902.00.00.068;2
93902.00.00.084;2
93902.00.00.118;2
93912.00.015;2
93912.00.017;2
93912.00.034;2
93912.00.039;2
93922.00.00.019;2
98800.01.41.101;2
98800.01.41.102;2
98800.01.41.041;2
98800.01.41.042;2
98800.01.41.045;2
98800.01.41.046;2
92101.02.221;2
94900.02.752;2
93900.00.00.034;2
94160.00.009;2
93900.00.00.129;2
94110.04.001;2
93900.00.00.131;2
94120.00.04.001;2
93900.00.00.086;2
93900.00.00.087;2
93900.00.00.088;2
93900.00.00.128;2
93900.00.00.132;2
93920.00.00.042;2
94100.00.01.001;2
94100.00.01.002;2
93920.01.00.037;2
94100.00.00.039;2
86602.044;2
93900.00.00.133;2
93900.00.00.134;2
93910.00.046;2
93920.00.00.014;2
93900.00.02.027;2
93900.00.02.041;2
93900.00.02.042;2
93900.00.06.054;2
93900.00.02.055;2
93900.00.04.064;2
93900.00.00.065;2
93900.00.00.066;2
93900.00.06.082;2
93900.00.04.093;2
93900.00.00.105;2
93910.02.008;2
93910.02.011;2
93910.02.014;2
93910.06.022;2
93910.04.023;2
93910.06.025;2
93910.00.036;2
93920.00.00.005;2
93920.00.02.007;2
93920.00.00.012;2
93920.00.00.029;2
93920.00.02.043;2
90502.01.011;2
90502.01.012;2
94900.04.851;2
94900.04.852;2
94900.04.853;2
94900.04.854;2
94900.04.855;2
98800.01.03.005;2
98800.01.03.035;2
93910.00.017;2
93910.00.018;2
94900.04.701;2
94900.04.702;2
94900.04.703;2
94900.04.704;2
94900.04.101;2
94900.04.102;2
94900.04.103;2
94900.04.104;2
94900.04.105;2
94900.04.106;2
94900.04.107;2
94900.04.111;2
94900.04.112;2
94900.04.113;2
94900.04.121;2
94900.04.131;2
94900.04.132;2
94900.04.201;2
94900.04.202;2
94900.04.203;2
94900.04.204;2
86401.931;2
93910.00.047;2
94100.00.00.041;2
94900.04.751;2
94900.04.752;2
94900.04.601;2
94900.04.602;2
94900.04.603;2
94900.04.604;2
94900.04.605;2
94900.04.606;2
94900.04.631;2
94900.04.632;2
94900.04.801;2
94900.04.802;2
94900.04.803;2
94900.04.811;2
94900.04.812;2
94900.04.813;2
93900.01.00.135;2
86401.314;2
86401.535;2
86401.537;2
86401.538;2
92201.03.111;2
92201.03.121;2
86501.230.001;2
94900.04.861;2
94900.04.871;2
94900.04.872;2
94900.04.873;2
90210.00.081;2
94020.00.001;2
94020.00.007;2
94020.00.011;2
93900.00.00.136;2
90210.00.071;2
94900.04.652;2
86401.934;2
86401.933;2
86401.158;2
86401.157;2
90501.00.361;2
90501.00.362;2
91400.07.021;2
91400.07.051;2
92101.02.231;2
92101.02.241;2
94900.04.881;2
94900.04.882;2
94900.04.883;2
94900.04.891;2
94900.04.892;2
94900.04.893;2
92001.01.201;2
91402.02.041;2
91402.02.051;2
93900.01.00.138;2
93900.01.00.137;2
93900.01.02.029;2
93900.01.06.064;2
96500.03.111;2
96500.03.121;2
93920.00.00.003;2
93920.00.00.016;2
94900.01.432;2
94900.04.911;2
94900.04.912;2
94900.04.913;2
93920.01.00.007;2
93920.01.02.009;2
93920.01.00.044;2
93920.01.00.045;2
93920.01.00.024;2
93920.01.02.004;2
93920.01.04.014;2
93900.01.00.025;2
86401.159;2
91402.02.061;2
93900.01.00.075;2
93910.00.049;2
94000.00.007;2
94000.00.011;2
94000.00.015;2
94000.00.022;2
94100.00.00.042;2
95000.25.002;6
90501.00.371;2
90501.00.381;2
90501.00.382;2
86502.120.001;2
91402.02.071;2
91400.07.091;2
91400.07.081;2
92001.02.181;2
92001.02.191;2
94000.00.025М2;2
94000.00.025-01М2;2
94100.00.00.043М2;2
94100.00.00.043-01М2;2
94110.00.003М2;2
94110.00.003-01М2;2
92001.02.201;2
92001.02.211;2
92001.02.221;2
92201.02.581;2
92201.02.591;2
92201.02.601;2
92001.02.231;2
92001.02.241;2
92001.02.251;2
92201.02.611;2
92201.02.621;2
86601.003М2;2
92201.02.631;2
92201.02.641;2
92201.02.651;2
86601.005М2;2
86601.006М2;2
86602.007М2;2
86602.007-01М2;2
91402.01.012;2
94010.00.004;2
94010.00.005;2
94020.00.003;2
94020.00.004;2
94100.00.00.008;2
94100.00.00.013;2
94100.00.00.014;2
94100.00.00.021;2
94100.00.00.027;2
93900.01.02.006;2
93900.01.02.009;2
93900.01.00.088;2
91401.01.016;2
94900.04.611;2
94100.00.00.009;2
86604.013;2
86604.012;2
86604.009;2
86604.007;2
86604.006;2
86604.005;2
86604.003;2
86604.083;2
86604.082;2
86604.084;2
86604.085;2
93500.421;2
93500.006;2
93500.005;2
93920.00.00.038;2
93920.00.00.046;2
93920.00.05.016;2
98300.01.00.101;2
86604.018М2;2
86604.002М2;2
86604.002-01М2;2
86604.015М2;2
86604.015-01М2;2
92001.03.041;2
92101.03.041;2
93912.00.016;2
92201.02.661;2
92201.02.671;2
92201.02.681;2
92201.02.691;2
86401.161;2
93900.01.04.013;2
93900.01.00.055;2
93900.01.00.139;2
93900.01.00.141;2
94100.00.00.044;2
93920.01.03.006;2
93920.01.03.013;2
93920.01.04.001;2
93920.01.04.003;2
93920.01.04.016;2
93920.01.04.017;2
93920.01.04.018;2
93920.01.04.021;2
93920.01.04.022;2
93920.01.04.025;2
93920.01.04.038;2
93920.01.04.039;2
93920.01.04.041;2
93920.01.04.045;2
86401.939;2
86502.130.001;2
93900.01.02.037;2
93900.00.06.027;2
93900.00.04.056;2
93910.00.045;2
91400.07.101;2
86401.162;2
93900.00.00.142;2
94000.00.026;2
93700.042;2
93900.10.00.001ИЭ;2
93900.10.00.002ИЭ;2
93700.043;2
93700.044;2
93700.045;2
93900.10.00.001;2
93910.10.00.002;2
86401.338;2
97100.102.101;2
97100.102.201;2
97100.102.001;2
98710.20.70.002 Э;2
93900.01.00.008;2
93920.01.02.037;2
95000.04.002м;6
92001.01.211;2
92101.03.061;2
93900.10.01.001;2
93900.10.01.002;2
93910.10.00.001;2
93910.10.00.003;2
94900.04.921;2
94900.04.931;2
86401.232;2
86401.233;2
86401.339;2
92201.02.701;2
86401.341;2
86401.343;2
86401.944;2
86401.945;2
86602.048;2
86602.049;2
86602.051;2
90501.00.391;2
90501.00.411;2
90501.00.421;2
90501.00.431;2
90501.00.401;2
90502.00.181;2
90502.00.182;2
93900.00.00.144;2
93900.00.00.145;2
86604.086;2
93900.00.00.147;2
86401.946;2
93902.00.00.045;2
93902.00.00.063;2
93902.00.00.073;2
93902.00.00.085;2
93912.00.018;2
93912.00.032;2
93912.00.014;2
93922.00.00.012;2
93920.00.00.045;2
94100.00.00.045;2
86604.087;2
93920.00.00.039;2
93920.00.00.051;2
86401.167;2
92201.02.711;2
92201.02.721;2
92201.01.311;2
92201.01.321;2
92201.03.141;2
92201.03.151;2
92201.02.731;2
90300.00.131;2
90501.00.441;2
86401.949;2
94000.00.027;2
93900.00.00.148;2
90501.00.471;2
90501.00.461;2
90501.00.451;2
94900.04.941;2
90501.00.481;2
90501.00.482;2
90213.00.011;2
90213.00.021;2
90213.00.031;2
93922.00.04.047;2
93922.00.04.048;2
98323.00.02.001;2
98323.00.02.002;2
98323.00.02.003;2
98323.00.02.004;2
98323.10.03.002;2
91400.07.111;2
86401.237;2
91400.07.121;2
86401.344;2
86401.546;2
98300.01.25.002;2
98300.01.25.006;2
98300.01.25.008;2
86401.952;2
86401.953;2
86401.954;2
86401.955;2
90501.00.491;2
92101.02.261;2
98323.10.04.001;2
98323.10.04.002;2
98323.10.04.008;2
98323.10.04.009;2
98323.10.04.011;2
92201.02.751;2
92201.02.761;2
92201.01.331;2
92201.02.741;2
92201.02.771;2
93910.00.041;2
93910.00.051;2
92101.02.271;2
96500.20.011;2
96500.20.021;2
98323.00.17.001;2
98323.00.17.002;2
90300.00.151;2
90300.00.161;2
86501.670.001;2
90300.00.181;2
93900.00.02.053;2
93900.00.06.056;2
91400.07.131;2
91400.07.141;2
94900.04.141;2
94900.04.142;2
94900.04.621;2
93900.00.02.068;2
93900.00.04.094;2
93900.00.06.093;2
93910.02.018;2
93910.04.022;2
93920.00.02.032;2
92101.02.281;2
92101.02.291;2
92101.02.301;2
92201.02.781;2
93930.012;2
93920.00.00.015;2
94100.00.00.017;2
94100.00.00.046;2
94100.00.00.047;2
94100.00.04.008;2
94110.00.004;2
94110.00.005;2
91400.05.022;2
93902.00.00.035;2
93902.00.00.036;2
93922.00.06.047;2
93922.00.06.027;2
93922.00.06.032;2
91402.02.091;2
93900.00.02.079;2
93900.00.02.106;2
93900.00.02.107;2
91402.02.081;2
91400.07.151;2
86401.169;2
93902.00.00.037;2
93902.00.00.038;2
93920.00.00.052;2
86320.101;2
92101.02.311;2
91400.07.161;2
98710.07.00.002;2
98710.06.00.002;2
93902.00.00.056;2
93902.00.00.149;2
98902.00.03.001У;2
98902.00.03.001-01У;2
98300.15.07.001;2
98300.15.07.101;2
98300.15.00.009;2
93920.00.00.041;2
93920.00.00.043;2
94160.00.011;2
93900.00.00.151;2
93920.00.00.026;2
94160.00.012;2
86401.938;2
92001.02.301;2
98300.15.17.001;2
98300.15.17.002;2
92001.01.271;2
86401.960;2
86401.961;2
86401.962;2
86401.963;2
86401.964;2
86401.965;2
98710.03.00.002;2
93900.00.00.011;2
98710.04.00.002;2
91400.05.111;2
92201.02.791;2
91400.05.101;2
92201.02.801;2
92101.02.321;2
92101.02.331;2
92101.02.341;2
92101.02.351;2
92101.02.361;2
92101.02.371;2
92101.02.381;2
91402.02.101;2
91402.02.111;2
91402.02.121;2
93900.01.00.015;2
93900.01.00.152;2
93910.00.052;2
93900.01.00.154;2
93900.01.00.155;2
93900.10.01.003;2
93900.10.01.004;2
93900.01.00.153;2
86401.547;2
86401.549;2
86502.800.031;2
93900.01.01.064;2
92201.03.241;2
86604.089;2
86604.088;2
86604.091;2
90501.00.501;2
86401.550;2
86602.053;2
86401.171;2
86401.552;2
92201.03.261;2
92201.03.271;2
92201.03.281;2
92201.03.291;2
90300.00.201;2
90300.00.211;2
90210.00.091;2
90210.00.101;2
94000.00.009;2
92101.01.221;2
93900.00.07.056;2
92101.02.391;2
92101.02.401;2
92101.02.411;2
90210.00.111;2
86401.348;2
86401.349;2
93900.00.02.156;2
86401.968;2
93930.013;2
93930.014;2
98902.00.02.001У;2
98902.00.02.001-01У;2
94000.06.006;2
94000.06.007;2
94020.06.002;2
92201.01.341;2
92201.02.811;2
91400.05.121;2
93900.00.00.079;2
92201.02.821;2
91400.05.131-02;2
91400.05.131-08;2
91400.05.131-14;2
94900.04.951;2
98300.15.00.015;2
93922.00.07.027;2
93922.00.07.032;2
92201.02.201;2
86401.980;2
86401.555;2
98300.15.07.101-01;2
98300.15.07.111;2
98300.15.07.112;2
98300.15.07.112-01;2
98300.15.01.012;2
98300.15.00.014;2
98300.15.00.014-01;2
86401.710.01;2
86401.710.02;2
93920.00.05.043;2
93900.00.00.077;2
93900.00.00.157;2
92201.04.091;2
98902.00.12.001;2
92201.04.181;2
98902.00.02.001-02У;2
86401.983;2
98902.00.01.001У;2
98902.00.04.001У;2
98902.00.06.001У;2
98902.00.07.001У;2
98902.00.08.001У;2
98902.00.10.001У;2
98902.00.11.001У;2
98902.00.01.001-01У;2
98902.00.02.001-03У;2
98902.00.03.001-02У;2
98902.00.03.001-03У;2
98902.00.04.001-01У;2
98902.00.04.001-02У;2
98902.00.04.001-03У;2
98902.00.06.001-01У;2
98902.00.06.001-02У;2
98902.00.06.001-03У;2
98902.00.07.001-01У;2
98902.00.07.001-02У;2
98902.00.07.001-03У;2
98902.00.08.001-01У;2
98902.00.08.001-02У;2
98902.00.08.001-03У;2
98902.00.10.001-01У;2
98902.00.11.001-02У;2
98902.00.11.001-03У;2
86604.092;2
86604.093;2
92201.02.831;2
92201.02.841;2
92101.02.421;2
93900.00.02.058;2
93900.00.06.041;2
93900.00.04.037;2
96500.21.011;2
96500.21.021;2
91400.07.181;2
91410.00.041;2
91410.00.051;2
93500.437;2
93500.439;2
93500.451;2
93700.046;2
93700.047;2
93700.048;2
92201.02.861;2
92201.02.871;2
93900.00.00.084;2
93900.00.02.073;2
90300.00.261;2
90300.00.271;2
93900.00.08.056;2
93930.01.00.002;2
93900.01.00.069;2
93900.01.02.035;2
93900.01.02.038;2
93900.01.06.004;2
93920.01.02.014;2
93920.01.02.025;2
93920.01.03.017;2
93920.01.03.018;2
93920.01.03.039;2
93920.01.06.001;2
93920.01.06.021;2
93920.01.06.025;2
92201.02.881;2
90501.00.511;2
94100.00.00.049;2
96500.10.111;2
96500.10.121;2
96500.04.111;2
96500.04.121;2
86401.985;2
86502.140.001;2
86502.420.001;2
96500.02.211;2
96500.02.221;2
96500.08.111;2
96500.08.121;2
96500.22.011;2
96500.22.021;2
90210.00.131;2
93901.00.00.158;2
90502.00.071;2
90210.00.141;2
86401.986;2
86401.988;2
94100.01.04.001;2
93900.01.04.006;2
93900.01.06.037;2
90502.00.111;2
90300.00.231;2
90300.00.241;2
90300.00.291;2
86604.094;2
86401.352;2
86601.001М2;2
86601.002М2;2
86601.001-01М2;2
86601.004М2;2
86601.004-01М2;2
86601.007М2;2
86601.007-01М2;2
86601.008М2;2
86601.008-01М2;2
86601.009М2;2
86601.009-01М2;2
86601.011М2;2
86601.011-01М2;2
86601.012М2;2
86601.012-01М2;2
86601.013М2;2
86601.013-01М2;2
86601.014М2;2
86601.014-01М2;2
86601.015М2;2
86601.015-01М2;2
86601.016М2;2
86601.017М2;2
86601.017-01М2;2
86601.018М2;2
86601.018-01М2;2
86601.019М2;2
86601.019-01М2;2
93900.00.04.057;2
93900.00.06.064;2
86501.200.003;2
86401.990;2
86401.992;2
93900.00.02.056;2
93900.00.02.072;2
93900.00.02.147;2
86401.353;2
98322.00.00.003;2
98322.00.00.004;2
98322.00.00.101;2
95000.05.002;6
95000.04.002;6
94900.04.151;2
94900.04.641;2
94100.00.00.051;2
92201.02.891;2
86604.095;2
98322.00.02.002;2
98322.00.02.003;2
98322.00.02.004;2
98322.00.02.001;2
95000.22.402;2
91400.05.131-12;2
86501.210.001;2
93900.00.06.073;2
93900.00.02.076;2
93901.00.00.047;2
86604.097;2
93900.00.07.159;2
93900.00.02.124;2
93900.01.00.021;2
93910.02.004;2
93910.02.007;2
94100.00.00.052;2
94100.00.00.053;2
98300.93.07.001;2
98300.93.07.002;2
98300.93.08.004;2
98300.93.00.001;2
98300.93.00.002;2
98300.93.01.004;2
90210.00.151;2
90210.00.161;2
92201.02.901;2
90210.00.171;2
86401.997;2
86604.098;2
94900.04.251;2
94900.04.252;2
86321.151;2
86402.002;2
86501.820.001;2
94000.00.037;2
93900.00.04.068;2
98710.97.00.001;2
86602.059;2
93900.00.00.051;2
94000.04.004;2
94160.00.021;2
93900.00.04.053;2
93920.00.04.019;2
93900.00.01.063;2
93930.015;2
92201.03.381;2
92201.22.011;2
98120.133.001;2
93700.050;2
93500.024;2
92001.02.051;2
98301.00.00.001-01;2
98301.00.00.003-01;2
93922.00.04.027;2
93922.00.04.032;2
86604.096;2
93900.00.03.002;2
93900.00.07.162;2
93900.00.07.161;2
93900.00.07.145;2
93900.00.07.144;2
93900.00.07.041;2
93900.00.07.037;2
93900.00.07.027;2
93900.00.07.026;2
93900.00.07.015;2
86401.996;2
93900.01.00.018;2
93900.01.00.163;2
93920.01.00.053;2
98300.93.08.001;2
98300.93.08.003;2
98300.93.00.003;2
92101.02.431;2
92101.02.441;2
92201.02.911;2
94100.00.04.032;2
86602.054;2
86320.111;2
94000.00.018;2
94000.00.033;2
94000.00.034;2
94000.00.035;2
93900.01.00.164;2
93900.01.00.165;2
93921.00.00.011;2
94000.00.029;2
94000.00.032;2
94000.00.028;2
94000.00.031;2
93900.01.00.166;2
93900.01.00.167;2
90210.00.181;2
91400.05.141;2
90210.00.191;2
90210.00.201;2
94900.04.761;2
94900.04.762;2
94900.04.253;2
91400.07.191;2
93700.049;2
86602.055;2
86602.056;2
86601.021;2
86501.240.001;2
92201.03.311;2
92201.03.321;2
92201.03.331;2
91400.07.201;2
94900.03.152;2
94900.03.153;2
91400.05.151;2
86401.172;2
86320.121;2
90300.00.311;2
90300.00.321;2
90300.00.341;2
90300.00.351;2
90300.00.371;2
93910.04.053;2
93910.04.054;2
92201.02.921;2
92201.01.351;2
98300.18.21.001М1;2
98300.18.21.008М1;2
92001.02.321;2
92101.02.451;2
92204.01.011;2
92204.02.021;2
92204.02.031;2
93900.00.04.014;2
93900.00.04.015;2
93900.00.04.018;2
93900.00.04.022;2
93900.00.04.125;2
93900.00.06.002;2
93900.00.06.005;2
93900.00.06.026;2
93930.03.005;2
93930.03.015;2
93930.04.016;2
93930.06.009;2
93900.01.00.091;2
93900.01.00.114;2
93900.01.00.168;2
93910.00.055;2
92204.02.011;2
86602.057;2
98300.01.22.001;2
98300.01.22.008;2
98300.01.22.017;2
86321.161;2
93900.00.00.107;2
93900.00.00.106;2
93910.00.021;2
91410.00.081;2
91410.00.071;2
91410.00.061;2
86402.003;2
94900.04.961;2
94900.04.963;2
91400.05.161;2
94160.00.014;2
93920.00.06.031;2
86401.173;2
92201.02.931;2
94100.00.00.054;2
92101.02.461;2
94000.00.036;2
94020.00.012;2
94020.03.002;2
86401.174;2
86402.007;2
93900.00.00.169;2
92201.02.941;2
92001.02.331;2
98300.18.02.001М1;2
98300.18.02.002М1;2
98300.18.19.001М1;2
98300.18.00.003М1;2
98300.18.00.004М1;2
98300.18.00.107;2
90221.00.751;2
90221.00.801;2
92204.02.041;2
92204.02.051;2
92204.02.061;2
92204.02.071;2
86502.430.001;2
91410.00.091;2
91410.00.101;2
94180.00.002;2
98720.00.00.101;2
98720.00.00.102;2
98720.00.00.103;2
98720.00.00.104;2
98720.00.00.105;2
91410.01.011;2
86601.022;2
94100.00.00.055;2
90300.00.401;2
91400.07.211;2
91402.02.131;2
91410.00.111;2
86602.058;2
86900.02.00.002;2
86401.175;2
86501.260.001;2
86501.640.001;2
86900.02.05.003;2
86900.02.05.004;2
86900.02.00.001;2
86900.02.00.003;2
86502.820.001;2
86501.910.001;2
93920.00.04.052;2
93900.00.09.056;2
93900.00.04.147;2
92104.02.011;2
92104.02.021;2
93900.00.00.063;2
98300.01.00.006;2
93900.00.00.171;2
86401.356;2
98300.15.07.101-01З/141;2
98300.15.07.001-01 З/141;2
94000.00.039;2
94100.00.00.056;2
94100.00.00.057;2
94000.00.038;2
93920.00.00.032;2
93900.00.00.172;2
93900.00.00.173;2
98300.19.21.006;2
98300.19.21.008;2
93900.00.06.057;2
93900.00.08.064;2
93920.00.00.054;2
93900.00.00.174;2
93900.00.00.181;2
98300.19.00.005;2
98300.19.00.006;2
93900.00.00.175;2
93900.01.00.176;2
93900.00.00.177;2
93900.00.00.178;2
86501.710.001;2
93900.00.00.179;2
94100.00.00.058;2
93910.00.057;2
94160.00.018;2
86402.020;2
92201.02.961;2
93900.00.00.182;2
94100.00.00.059;2
86900.02.05.021;2
93900.00.00.183;2
86401.357;2
86401.358;2
86604.099;2
93900.00.08.057;2
93900.00.04.041;2
93910.00.058;2
93920.00.00.055;2
93900.00.06.058;2
93900.00.04.066;2
92101.03.071;2
92101.03.091;2
86401.364;2
86401.362;2
92001.03.071;2
92101.03.081;2
92001.03.061;2
86604.101;2
86402.021;2
92201.02.971;2
93900.00.00.185;2
93900.00.00.184;2
93900.00.00.052;2
98300.18.00.005М1;2
98300.18.00.108М1;2
94900.04.991;2
94900.04.992;2
93900.00.06.003;2
94160.04.006;2
93920.00.07.025;2
93900.00.04.025;2
93900.00.04.087;2
93900.00.04.126;2
94100.00.05.008;2
93920.00.07.021;2
98300.19.31.001;2
98300.19.31.002;2
92201.02.981;2
98300.19.19.016;2
86900.02.05.022;2
90300.00.431;2
92201.03.341;2
90221.00.821;2
90221.00.831;2
94100.00.00.061;2
94900.02.452-02;2
94020.00.013;2
93900.00.06.072;2
92201.03.351;2
92201.03.361;2
98300.01.22.008/1;2
92101.03.101;2
92101.03.111;2
86506.073.002;2
86604.102;2
92001.03.051;2
92001.03.021;2
92001.03.031;2
86402.023;2
86402.024;2
94900.04.161-02;2
94900.04.971;2
92201.02.991;2
94900.04.981;2
92201.03.371;2
91400.07.221;2
91400.07.231;2
86402.026;2
86401.352 З/219;2
94160.00.022;2
93910.04.012;2
93910.04.019;2
93910.04.034;2
93910.04.038;2
93920.00.04.032;2
93900.00.00.075;2
93920.00.01.008;2
93900.00.02.071;2
93910.06.019;2
93910.04.014;2
93910.02.015;2
93900.00.06.076;2
93900.00.10.064;2
93900.00.01.064;2
93900.00.00.101;2
93900.00.04.085;2
93900.00.09.057;2
93900.00.01.054;2
86401.025;2
93900.00.09.064;2
93920.00.06.043;2
93920.00.09.031;2
93920.00.10.031;2
93900.00.07.059;2
93900.00.08.059;2
93900.00.11.064;2
98300.18.19.001;2
98300.18.02.004;2
98300.18.02.002;2
98300.18.02.001;2
90221.00.841;2
98300.18.00.003;2
98300.18.00.005;2
98300.18.21.006;2
98300.18.21.008;2
93900.00.00.186;2
93900.00.00.187;2
93900.01.08.037;2
93900.00.08.145;2
93900.00.08.144;2
93900.00.06.087;2
93920.00.03.025;2
93910.04.011;2
93900.00.08.027;2
93900.00.09.037;2
93900.00.12.064;2
93900.00.04.038;2
93920.00.05.002;2
93900.00.04.088;2
93900.00.06.126;2
93900.00.07.002;2
93900.00.08.162;2
98300.15.08.001;2
98300.15.08.101;2
93920.01.00.036 З/13;2
98300.15.08.001-01;2
98300.15.08.101-01;2
94100.00.02.008;2
94120.00.00.003;2
93900.00.06.025;2
93900.00.07.005;2
93900.00.00.188;2
94900.05.011;2
94900.05.012;2
94110.04.002;2
94110.04.003;2
94100.00.00.062;2
94900.05.021;2
94900.05.022;2
94900.05.023;2
94900.05.024;2
94900.05.025;2
90300.00.461;2
90300.00.451;2
92201.12.011;2
92201.12.021;2
92201.12.031;2
92201.12.041;2
92201.12.051;2
92201.12.061;2
90221.00.851;2
93900.00.00.191;2
96500.23.011;2
96500.23.021;2
90300.00.481;2
90300.00.491;2
93920.00.00.053;2
93900.00.00.137;2
93900.10.00.004;2
94000.00.041;2
93920.00.00.007;2
93920.00.00.011;2
93900.00.06.013;2
93900.00.06.018;2
93900.00.08.026;2
93920.00.00.024;2
94000.03.001;2
94000.03.004;2
94000.04.012;2
92201.12.071;2
93900.10.02.004;2
86401.367;2
86402.028;2
86402.030;2
90210.00.211;2
90210.00.221;2
93920.00.00.056;2
93910.00.061;2
93900.00.00.193;2
92201.12.081;2
91411.00.031;2
92201.12.091;2
86401.368;2
86401.371;2
90400.00.631;2
90210.00.231;2
93920.00.00.057;2
93900.00.90.001;2
93900.00.90.002;2
93900.00.90.003;2
93900.00.90.004;2
93900.00.90.005;2
93900.00.90.006;2
93900.00.90.007;2
90221.00.861;2
98120.127.002;2
92204.02.081;2
92204.02.091;2
93900.00.20.001;2
90221.00.871;2
98710.16.00.001-14;2
93930.06.016;2
93910.06.035;2
93900.00.06.006;2
93900.00.10.037;2
93900.00.08.002;2
93900.00.06.088;2
93900.00.07.087;2
93900.00.07.006;2
94100.00.02.014;2
93900.00.05.041;2
93900.00.03.039;2
93900.00.12.037;2
86401.177;2
86401.372;2
86401.373;2
93900.00.03.027;2
93900.00.02.127;2
93900.00.03.026;2
93900.00.09.002;2
94160.04.018;2
94160.04.023;2
94160.00.013;2
86402.035;2
93900.00.02.144;2
93900.00.03.193;2
93900.00.02.087;2
93900.00.02.175;2
93910.00.053;2
93900.00.02.193;2
93900.00.03.087;2
93900.00.03.025;2
90221.00.881;2
93900.00.02.126;2
94160.00.023;2
94110.00.006;2
94160.04.019;2
92101.01.231;2
92201.22.021;2
92201.22.031;2
92201.22.041;2
92201.22.051;2
92201.22.061;2
92201.22.071;2
93900.00.00.194;2
93900.00.00.195;2
86402.036;2
94160.00.024;2
94180.00.003;2
92101.01.241;2
92101.01.251;2
92101.01.261;2
92101.01.271;2
86601.023;2
86602.061;2
86402.038;2
86401.374;2
86401.619;2
86402.040;2
86502.240.001;2
86502.740.004;2
86502.440.001;2
94160.00.025;2
86402.043;2
86402.042;2
86402.044;2
86402.045;2
93900.00.04.179;2
90221.00.891;2
90502.00.221;2
98300.13.31.001;2
98300.13.31.003;2
98300.13.31.004;2
93900.00.11.056;2
93900.00.01.056;2
86604.103;2
91400.07.241;2
86501.460.001;2
94160.06.006;2
86402.049;2
94900.05.041;2
93900.00.04.175;2
86601-Э З/86;2
94100.00.00.064;2
94100.00.00.063;2
98120.133.002;2
98300.21.20.016;2
90230.00.211;2
90230.00.221;2
90230.00.311;2
90230.00.321;2
94100.00.05.032;2
90221.00.901;2
94900.04.771;2
94900.04.772;2
94160.00.027;2
94160.00.026;2
94160.04.009;2
94160.00.028;2
90221.00.911;2
86402.058;2
93900.00.04.173;2
93900.00.04.196;2
98300.21.21.006;2
98300.21.21.008;2
90501.00.531;2
92201.12.101;2
93902.00.04.057;2
94900.05.052;2
94900.05.053;2
86900.02.05.023;2
93700.051;2
94100.00.00.065;2
86601.026;2
94100.00.00.066;2
86601.027;2
94100.00.00.067;2
93900.00.08.041;2
86604.104;2
95000.29.002;6
90501.00.541;2
93900.00.13.037;2
93900.00.00.199;2
93910.04.006;2
93920.00.03.022;2
94100.00.04.065;2
93900.00.00.197;2
93920.00.00.058;2
86601.028;2
86401.384;2
93920.00.00.059;2
93900.00.00.198;2
86402.062;2
98300.01.23.006;2
98300.01.23.008;2
98300.01.23.012;2
98300.01.23.025;2
94160.04.020;2
94100.00.04.068;2
93920.00.00.061;2
92201.12.111;2
90230.00.411;2
90230.00.511;2
90230.00.521;2
94160.00.029;2
94160.00.036;2
94160.00.031;2
94160.00.034;2
94160.00.032;2
94160.00.038;2
94160.00.037;2
94100.00.00.069;2
94160.00.033;2
93900.00.09.144;2
94160.00.035;2
94160.00.039;2
94160.00.041;2
93900.00.00.201;2
93900.00.02.173;2
93910.00.062;2
93910.00.063;2
92101.02.471;2
93900.00.00.204;2
93900.00.02.172;2
93900.00.09.145;2
94100.00.00.068;2
98333.00.06.024-01;2
94100.00.00.071;2
93900.00.00.202;2
93900.00.00.203;2
98333.00.04.001-01;2
98333.00.04.003-01;2
98333.00.04.004-01;2
86604.105;2
92201.12.121;2
92201.12.131;2
92201.12.141;2
86402.066;2
86402.067;2
94160.04.024;2
94160.04.025;2
94100.00.06.008;2
93900.00.08.161;2
92201.12.151;2
93900.00.03.035;2
94000.00.042;2
93900.00.03.088;2
93920.00.05.044;2
90300.00.511;2
86601.029;2
90400.00.651;2
90400.00.641;2
98333.00.00.005;2
98333.00.00.006;2
90400.00.661;2
86501.110.001;2
86501.660.001;2
92201.12.161;2
93700.052;2
90501.00.551;2
86402.073;2
86506.060.002;2
86506.073.101;2
90400.00.671;2
86401.178;2
91400.07.261;2
